Link, Anchor Text
https://forum.effectivealtruism.org/, Home
https://forum.effectivealtruism.org/meta, Community
https://forum.effectivealtruism.org/questions, Questions
https://forum.effectivealtruism.org/allPosts, All Posts
https://forum.effectivealtruism.org/shortform, Shortform [Beta]
https://forum.effectivealtruism.org/intro, About EA
https://forum.effectivealtruism.org/about, About the Forum
https://forum.effectivealtruism.org/contact, Contact Us
https://forum.effectivealtruism.org/allPosts?timeframe=allTime&after=2018-01-01&before=2019-01-01&limit=100&sortedBy=old, All Time
https://forum.effectivealtruism.org/allPosts?timeframe=daily&after=2018-01-01&before=2019-01-01&limit=100&sortedBy=old, Daily
https://forum.effectivealtruism.org/allPosts?timeframe=weekly&after=2018-01-01&before=2019-01-01&limit=100&sortedBy=old, Weekly
https://forum.effectivealtruism.org/allPosts?timeframe=monthly&after=2018-01-01&before=2019-01-01&limit=100&sortedBy=old, Monthly
https://forum.effectivealtruism.org/allPosts?timeframe=yearly&after=2018-01-01&before=2019-01-01&limit=100&sortedBy=old,2018
https://forum.effectivealtruism.org/allPosts?timeframe=yearly&after=2018-01-01&before=2019-01-01&limit=100&sortedBy=magic, Magic (New & Upvoted)
https://forum.effectivealtruism.org/allPosts?timeframe=yearly&after=2018-01-01&before=2019-01-01&limit=100&sortedBy=recentComments, Recent Comments
https://forum.effectivealtruism.org/allPosts?timeframe=yearly&after=2018-01-01&before=2019-01-01&limit=100&sortedBy=new, New
https://forum.effectivealtruism.org/allPosts?timeframe=yearly&after=2018-01-01&before=2019-01-01&limit=100&sortedBy=top, Top
https://forum.effectivealtruism.org/allPosts?timeframe=yearly&after=2018-01-01&before=2019-01-01&limit=100&sortedBy=old&filter=all, All Posts
https://forum.effectivealtruism.org/allPosts?timeframe=yearly&after=2018-01-01&before=2019-01-01&limit=100&sortedBy=old&filter=frontpage, Frontpage
https://forum.effectivealtruism.org/allPosts?timeframe=yearly&after=2018-01-01&before=2019-01-01&limit=100&sortedBy=old&filter=questions, Questions
https://forum.effectivealtruism.org/allPosts?timeframe=yearly&after=2018-01-01&before=2019-01-01&limit=100&sortedBy=old&filter=meta, Community
https://forum.effectivealtruism.org/allPosts?timeframe=yearly&after=2018-01-01&before=2019-01-01&limit=100&sortedBy=old&karmaThreshold=-1000, Show Low Karma
https://forum.effectivealtruism.org/posts/ocD2KeKRHb53J8ZJF/economics-prioritisation-and-pro-rich-bias, Economics
https://forum.effectivealtruism.org/users/halstead, Halstead
https://forum.effectivealtruism.org/posts/nft9YktXLhrroZHiF/2017-lean-impact-assessment-qualitative-findings, 2017 LEAN Impact Assessment: Qualitative Findings
https://forum.effectivealtruism.org/users/richenda, Richenda
https://forum.effectivealtruism.org/posts/zS3gmg45ooRiZ8cmy/updates-from-the-givewell-blog, Updates from the GiveWell blog
https://forum.effectivealtruism.org/users/crosspost, Crosspost
https://forum.effectivealtruism.org/posts/6BvGzeLweswSJondR/paper-artificial-intelligence-in-life-extension-from-deep, [Paper]: Artificial Intelligence in Life Extension: from Deep Learning to Superintelligence
https://forum.effectivealtruism.org/users/turchin, turchin
https://forum.effectivealtruism.org/posts/AREuWgfX7Py79whPc/how-to-get-a-new-cause-into-ea, How to get a new cause into EA
https://forum.effectivealtruism.org/users/joey, Joey
https://forum.effectivealtruism.org/posts/BxMzd4CRYBF8wuwFW/the-technological-landscape-affecting-artificial-general, The Technological Landscape Affecting Artificial General Intelligence and the Importance of Nanoscale Neural Probes
https://forum.effectivealtruism.org/users/daniel_eth, Daniel_Eth
https://forum.effectivealtruism.org/posts/hYh6jKBsKXH8mWwtc/a-contact-person-for-the-ea-community, A contact person for the EA community
https://forum.effectivealtruism.org/users/julia_wise, Julia_Wise
https://forum.effectivealtruism.org/posts/shyCoFzvN3o9JSKBG/nudging-donors-towards-high-impact-charities-a-request-for, Nudging donors towards high-impact charities (a request for funding for SoGive)
https://forum.effectivealtruism.org/users/sanjay, Sanjay
https://forum.effectivealtruism.org/posts/vuQobY5yQvWdtPiab/ea-givingtuesday-fundraiser-matching-retrospective, EA #GivingTuesday Fundraiser Matching Retrospective
https://forum.effectivealtruism.org/users/avin, AviNorowitz
https://forum.effectivealtruism.org/posts/3MbPLi9GJgsdvfmW9/paper-global-catastrophic-and-existential-risks, [Paper] Global Catastrophic and Existential Risks Communication Scale
https://forum.effectivealtruism.org/posts/o7DxtCiRKa8vu7cNp/paper-interventions-that-may-prevent-or-mollify, [Paper] Interventions that May Prevent or Mollify Supervolcanic Eruptions
https://forum.effectivealtruism.org/users/denkenberger, Denkenberger
https://forum.effectivealtruism.org/posts/BEb36kr8MoY835eKS/project-report-on-the-potential-of-norwegian-csr-donations, Project Report - On the Potential of Norwegian CSR-donations to Effective Charities
https://forum.effectivealtruism.org/users/jorgen_ljones, Jorgen_Ljones
https://forum.effectivealtruism.org/posts/HnxQF6kkLuyiSZjhN/ai-alignment-prize-winners-and-next-round-link, AI alignment prize winners and next round [link]
https://forum.effectivealtruism.org/users/ryancarey, RyanCarey
https://forum.effectivealtruism.org/posts/n6dtnP5babfNaz2bW/69-things-that-might-be-pretty-effective-to-fund, 69 things that might be pretty effective to fund
https://forum.effectivealtruism.org/users/haukehillebrandt, HaukeHillebrandt
https://forum.effectivealtruism.org/posts/84utmyNmRqCS9Ytka/could-i-have-some-more-systemic-change-please-sir, Could I have some more systemic change
https://forum.effectivealtruism.org/users/michaelplant, MichaelPlant
https://forum.effectivealtruism.org/posts/CQqxXFrY2dqbkCWKR/ongoing-lawsuit-naming-future-generations-as-plaintiffs," Ongoing lawsuit naming ""future generations"" as plaintiffs; advice sought for how to investigate"
https://forum.effectivealtruism.org/users/kokotajlod, kokotajlod
https://forum.effectivealtruism.org/posts/ScLHyCY6JCr5FtuiY/effective-volunteering, Effective Volunteering
https://forum.effectivealtruism.org/users/khorton, Khorton
https://forum.effectivealtruism.org/posts/GhHirpH9uzxKCr3Lx/new-effective-altruism-course-syllabus, New Effective Altruism course syllabus
https://forum.effectivealtruism.org/users/geoffreymiller, geoffreymiller
https://forum.effectivealtruism.org/posts/Ez9m9ejbeYTJZwiMa/the-almighty-hive-will, The almighty Hive will
https://forum.effectivealtruism.org/users/arepo, Arepo
https://forum.effectivealtruism.org/posts/BJrdKZHTkgmhmjDDC/how-scale-is-often-misused-as-a-metric-and-how-to-fix-it, How scale is often misused as a metric and how to fix it
https://forum.effectivealtruism.org/posts/Bueoanm4d7tc2ht4F/ea-funds-hands-out-money-very-infrequently-should-we-be, EA Funds hands out money very infrequently - should we be worried?
https://forum.effectivealtruism.org/users/henry_stanley, Henry_Stanley
https://forum.effectivealtruism.org/posts/225Aq4P4jFPoWBrb5/cause-prioritization-for-downside-focused-value-systems, Cause prioritization for downside-focused value systems
https://forum.effectivealtruism.org/users/lukas_gloor, Lukas_Gloor
https://forum.effectivealtruism.org/posts/n8nXqqgbwp58wuo6a/how-fragile-was-history, How fragile was history?
https://forum.effectivealtruism.org/users/gregory_lewis, Gregory_Lewis
https://forum.effectivealtruism.org/posts/uaJ4ZGeYSphFG4tbC/proposal-for-the-ai-safety-research-camp, Proposal for the AI Safety Research Camp
https://forum.effectivealtruism.org/users/remmelt, remmelt
https://forum.effectivealtruism.org/posts/RM77XJj3xGLXZk2es/effective-altruism-sweden-plans-for-2018, Effective Altruism Sweden plans for 2018
https://forum.effectivealtruism.org/users/markusanderljung, MarkusAnderljung
https://forum.effectivealtruism.org/posts/ji5YNqCaRgWAsZHCr/how-much-further-does-your-dollar-go-overseas, How much further does your dollar go overseas?
https://forum.effectivealtruism.org/users/randomea, RandomEA
https://forum.effectivealtruism.org/posts/eBLqrugTuc2nSWfh9/would-it-be-a-good-idea-to-create-a-givewell-for-u-s, Would it be a good idea to create a 'GiveWell' for U.S. charities?
https://forum.effectivealtruism.org/posts/SovfPFFePJ4LJETd7/global-catastrophic-financial-risks, Global catastrophic financial risks?
https://forum.effectivealtruism.org/posts/zeRfEuPAaH37tyqpw/founders-pledge-hiring-a-personal-and-development-assistant, Founders Pledge hiring a Personal & Development Assistant in the US
https://forum.effectivealtruism.org/posts/7ccsecGA75va8fzRN/link-openphil-s-update-on-cause-prioritization-at-open, [Link] OpenPhil's Update on Cause Prioritization at Open Philanthropy
https://forum.effectivealtruism.org/posts/Xiv8g92M4JMTFdfva/lessons-for-building-up-a-cause, Lessons for Building Up a Cause
https://forum.effectivealtruism.org/users/evan_gaensbauer, Evan_Gaensbauer
https://forum.effectivealtruism.org/posts/Z6FoocxsPfQdyNX3P/where-some-people-donated-in-2017, Where Some People Donated in 2017
https://forum.effectivealtruism.org/users/michaeldickens, MichaelDickens
https://forum.effectivealtruism.org/posts/CbYgMbEPDWgafPfyL/on-funding-medical-research, On funding medical research
https://forum.effectivealtruism.org/users/janpaul123, JanPaul123
https://forum.effectivealtruism.org/posts/X2n6pt3uzZtxGT9Lm/doing-good-while-clueless, Doing good while clueless
https://forum.effectivealtruism.org/users/milan_griffes, Milan_Griffes
https://forum.effectivealtruism.org/posts/iZp7TtZdFyW8eT5dA/a-generalized-strategy-of-mission-hedging-investing-in-evil, A generalized strategy of ‘mission hedging’: investing in 'evil' to do more good
https://forum.effectivealtruism.org/posts/PkSncEsBgHkz5iD5E/what-is-animal-farming-in-rural-zambia-like-a-site-visit, What is Animal Farming in Rural Zambia Like? A Site Visit
https://forum.effectivealtruism.org/users/peter_hurford, Peter_Hurford
https://forum.effectivealtruism.org/posts/5ynh5xL6JLj4Qri6g/prioritization-consequences-of-formally-stating-the-ai," Prioritization Consequences of ""Formally Stating the AI Alignment Problem"""
https://forum.effectivealtruism.org/users/gworley3, G Gordon Worley III
https://forum.effectivealtruism.org/posts/BY8gXSpGijypbGitT/why-i-prioritize-moral-circle-expansion-over-artificial, Why I prioritize moral circle expansion over artificial intelligence alignment
https://forum.effectivealtruism.org/users/jacy_reese, Jacy_Reese
https://forum.effectivealtruism.org/posts/W9BauyoRzdcyzt32M/save-the-dates-for-ea-global-san-francisco-and-london, Save the dates for EA Global: San Francisco & London
https://forum.effectivealtruism.org/users/amylabenz, AmyLabenz
https://forum.effectivealtruism.org/posts/6kFcr6L2jZhcsZnao/announcing-effective-altruism-community-building-grants, Announcing Effective Altruism Community Building Grants
https://forum.effectivealtruism.org/users/hbesceli, hbesceli
https://forum.effectivealtruism.org/posts/BjBmcfwg2awqPJLin/how-much-does-it-cost-to-research-and-develop-a-vaccine, How much does it cost to research and develop a vaccine?
https://forum.effectivealtruism.org/posts/877YnBmZXZzhxDyEv/how-much-does-it-cost-to-roll-out-a-vaccine, How much does it cost to roll-out a vaccine?
https://forum.effectivealtruism.org/posts/rhidnFTcWufnzypfh/how-effective-and-efficient-is-the-funding-policy-of-open, How effective and efficient is the funding policy of Open Philanthropy concerning projects on AI risks?
https://forum.effectivealtruism.org/users/dunja, Dunja
https://forum.effectivealtruism.org/posts/qwZj8f7eq4HxmBzus/2017-lean-impact-assessment-evaluation-and-strategic, 2017 LEAN Impact Assessment: Evaluation & Strategic Conclusions
https://forum.effectivealtruism.org/posts/y4Kmnmf8meMix5DBc/new-recommended-career-path-for-effective-altruists-china, New recommended career path for effective altruists: China specialists
https://forum.effectivealtruism.org/users/benjamin_todd, Benjamin_Todd
https://forum.effectivealtruism.org/posts/zFiGfWbZGgT8sGwRC/ai-impacts-and-paul-christiano-on-takeoff-speeds, AI impacts and Paul Christiano on takeoff speeds
https://forum.effectivealtruism.org/posts/ctduj4nkf6ZZG8gA8/where-i-am-donating-this-year-and-meta-projects-that-need, Where I am donating this year and meta projects that need funding
https://forum.effectivealtruism.org/users/weeatquince_duplicate0-37104097316182916, weeatquince
https://forum.effectivealtruism.org/posts/rQfjJf8jEk5vCNywE/the-values-to-actions-decision-chain-a-rough-model, The Values-to-Actions Decision Chain: a rough model
https://forum.effectivealtruism.org/posts/zTmxvDQ46tDz4JYDL/announcing-rethink-priorities, Announcing Rethink Priorities
https://forum.effectivealtruism.org/users/marcus_a_davis, Marcus_A_Davis
https://forum.effectivealtruism.org/posts/JDM2tgaxJMujP5D7H/a-short-review-of-the-effect-foundation-in-2017, A short review of the Effect Foundation in 2017
https://forum.effectivealtruism.org/posts/nhLecBGBJxT7gk6ce/paper-surviving-global-risks-through-the-preservation-of, [Paper] Surviving global risks through the preservation of humanity's data on the Moon
https://forum.effectivealtruism.org/posts/Z95TxtkjHGPq4TAqY/why-not-to-rush-to-translate-effective-altruism-into-other, Why not to rush to translate effective altruism into other languages
https://forum.effectivealtruism.org/posts/T3zQzs5BcS4v93X53/founders-pledge-is-seeking-a-community-manager, Founders Pledge is seeking a Community Manager
https://forum.effectivealtruism.org/posts/rMhZo3anefAPJ9ZKK/policy-prioritization-in-a-developed-country, Policy prioritization in a developed country
https://forum.effectivealtruism.org/users/janklenha, janklenha
https://forum.effectivealtruism.org/posts/LFS5muaDW9LpbNT72/cognitive-and-emotional-barriers-to-ea-s-growth, Cognitive and emotional barriers to EA's growth
https://forum.effectivealtruism.org/posts/HqatEhdEb42vhSo7B/opportunities-for-individual-donors-in-ai-safety, Opportunities for individual donors in AI safety
https://forum.effectivealtruism.org/users/alexflint, alexflint
https://forum.effectivealtruism.org/posts/rqmuTjmknnQE2oaPS/reading-group-guide-for-ea-groups, Reading group guide for EA groups
https://forum.effectivealtruism.org/users/risto_uuk, Risto_Uuk
https://forum.effectivealtruism.org/posts/EAi24qrjxdzup3GjJ/avoiding-ai-races-through-self-regulation, Avoiding AI Races Through Self-Regulation
https://forum.effectivealtruism.org/posts/E5uGZguvMhSuuga6M/introducing-czech-association-for-effective-altruism-history, Introducing Czech Association for Effective Altruism - history
https://forum.effectivealtruism.org/users/jan_kulveit, Jan_Kulveit
https://forum.effectivealtruism.org/posts/BAWiSLZAsia6qCgCP/is-effective-altruism-fundamentally-flawed, Is Effective Altruism fundamentally flawed?
https://forum.effectivealtruism.org/users/jeffhe, Jeffhe
https://forum.effectivealtruism.org/posts/ZidxqR8utH8CCkf3X/current-thinking-on-prioritization-2018, Current Thinking on Prioritization 2018
https://forum.effectivealtruism.org/users/telofy, Denis Drescher
https://forum.effectivealtruism.org/posts/apWuHfh4zxrzuFZQp/predicting-slow-judgments-practice-predicting-and-generate, Predicting Slow Judgments: Practice Predicting and Generate Data for AI Safety
https://forum.effectivealtruism.org/users/chriscundy, ChrisCundy
https://forum.effectivealtruism.org/posts/3oukNayDZXWLzte7c/ea-survey-sexual-harassment-questions-feedback-requested, EA Survey: Sexual Harassment Questions - Feedback Requested
https://forum.effectivealtruism.org/users/kathy_forth, Kathy_Forth
https://forum.effectivealtruism.org/posts/7Dg7xvsZ9GfjF2Z4u/why-we-should-be-doing-more-systematic-research, Why we should be doing more systematic research
https://forum.effectivealtruism.org/posts/qPTwC53TqiJw6Pgcw/enlightened-concerns-of-tomorrow, Enlightened Concerns of Tomorrow
https://forum.effectivealtruism.org/users/cassidynelson, cassidynelson
https://forum.effectivealtruism.org/posts/Zzgcy7iRiPEA4ausW/animal-charity-evaluators-introduces-the-recommended-charity, Animal Charity Evaluators Introduces the Recommended Charity Quiz
https://forum.effectivealtruism.org/users/ericherboso, EricHerboso
https://forum.effectivealtruism.org/posts/rBHa6ygzvQhxQb5pX/meta-notes-on-ea-forum-moderation, Meta: notes on EA Forum moderation
https://forum.effectivealtruism.org/users/denise_melchin, Denise_Melchin
https://forum.effectivealtruism.org/posts/Lb766K69SfmA6urbb/an-easy-way-for-charities-to-increase-revenue-add-apple-pay, An easy way for charities to increase revenue: Add Apple Pay and Google Pay to donation checkout
https://forum.effectivealtruism.org/users/nonzerosum, nonzerosum
https://forum.effectivealtruism.org/posts/cbdtXGb9nPFvd4tTH/a-rough-estimate-of-social-impact-of-a-psychotherapist-in, A rough estimate of social impact of a psychotherapist in QALYs added
https://forum.effectivealtruism.org/users/tuukka_sarvi_duplicate0-37695336887822717, Tuukka_Sarvi
https://forum.effectivealtruism.org/posts/iiqWXvjuwjSK2vywn/climate-change-geoengineering-and-existential-risk, Climate change
https://forum.effectivealtruism.org/posts/LAfC3posWTm7LMHrd/upcoming-ama-with-holden-karnofsky-on-job-openings-at-the, Upcoming AMA with Holden Karnofsky on job openings at the Open Philanthropy Project (Monday March 26
https://forum.effectivealtruism.org/posts/ccYmLL7KWgAhma6TB/ai-summer-fellows-program-applications-open, AI Summer Fellows Program: Applications open
https://forum.effectivealtruism.org/users/robbensinger, RobBensinger
https://forum.effectivealtruism.org/posts/e2heLEnbeqTHaJqBf/when-to-focus-and-when-to-re-evaluate, When to focus and when to re-evaluate
https://forum.effectivealtruism.org/posts/YCAEbRFT8pha3JiXZ/hi-i-m-holden-karnofsky-ama-about-jobs-at-open-philanthropy, Hi
https://forum.effectivealtruism.org/users/holdenkarnofsky, HoldenKarnofsky
https://forum.effectivealtruism.org/posts/kR4fpHjEM8SvQjEFJ/optimal-level-of-hierarchy-for-effective-altruism, Optimal level of hierarchy for effective altruism
https://forum.effectivealtruism.org/posts/jsEyvSAqbKBD64ZDe/would-an-ea-world-with-limited-money-fund-costly-treatments, Would an EA world with limited money fund costly treatments?
https://forum.effectivealtruism.org/posts/aZFzgsipkAqd95CBd/cost-effectiveness-of-the-humane-league-s-corporate, Cost-effectiveness of The Humane League's corporate campaigns: 2015-2017
https://forum.effectivealtruism.org/posts/4HcggJWghXogSS25b/job-opportunity-at-the-future-of-humanity-institute-and, Job opportunity at the Future of Humanity Institute and Global Priorities Institute
https://forum.effectivealtruism.org/users/haydenw, HaydenW
https://forum.effectivealtruism.org/posts/CmNBmSf6xtMyYhvcs/descriptive-population-ethics-and-its-relevance-for-cause, Descriptive Population Ethics and Its Relevance for Cause Prioritization
https://forum.effectivealtruism.org/users/david_althaus, David_Althaus
https://forum.effectivealtruism.org/posts/f4rH64WrjN3gda96L/an-argument-to-prioritize-positively-shaping-the-development," An Argument To Prioritize ""Positively Shaping the Development of Crypto-assets"""
https://forum.effectivealtruism.org/users/rhys_lindmark, rhys_lindmark
https://forum.effectivealtruism.org/posts/gXtM43zR2xa2DvCRG/how-to-improve-ea-funds, How to improve EA Funds
https://forum.effectivealtruism.org/posts/r8Qv7QHjJyafmiLnp/review-of-czea-intense-ea-weekend-retreat," Review of CZEA ""Intense EA Weekend"" retreat"
https://forum.effectivealtruism.org/posts/s2wdLdZCmjqJJRi8W/compilation-of-32-new-ish-80-000-hours-research-pieces-for, Compilation of 32 new(ish) 80
https://forum.effectivealtruism.org/users/80000_hours, 80000_Hours
https://forum.effectivealtruism.org/posts/tNfDWLzBMi9HnoTkE/uk-income-tax-and-donations, UK Income Tax & Donations
https://forum.effectivealtruism.org/users/harald, harald
https://forum.effectivealtruism.org/posts/bEPBMu2wB2DE4kaku/comparative-advantage-in-the-talent-market, Comparative advantage in the talent market
https://forum.effectivealtruism.org/posts/dfiKak8ZPa46N7Np6/the-person-affecting-value-of-existential-risk-reduction, The person-affecting value of existential risk reduction
https://forum.effectivealtruism.org/posts/KAsnFWNdasSSTu9rP/excerpt-from-doing-good-better-how-vegetarianism-decreases, Excerpt from 'Doing Good Better': How Vegetarianism Decreases Animal Product Supply
https://forum.effectivealtruism.org/posts/y3pkt43XsiGmg4Mje/draft-fighting-aging-as-an-effective-altruism-cause, [Draft] Fighting Aging as an Effective Altruism Cause
https://forum.effectivealtruism.org/posts/6x4yhyKS7bCEauuZv/applying-ea-measures-to-peacebuilding-and-violent-conflict, Applying EA Measures to Peacebuilding and Violent Conflict
https://forum.effectivealtruism.org/users/frankfredericks, frankfredericks
https://forum.effectivealtruism.org/posts/mZWFEFpyDs3R6hD3r/empirical-data-on-value-drift, Empirical data on value drift
https://forum.effectivealtruism.org/posts/Rjb9oTjQ9RJMFw2Yo/heuristics-from-running-harvard-and-oxford-ea-groups, Heuristics from Running Harvard and Oxford EA Groups
https://forum.effectivealtruism.org/users/ales_flidr, Ales_Flidr
https://forum.effectivealtruism.org/posts/SwRtdKYzYeSpnRcTY/ten-commandments-for-aspiring-superforecasters, Ten Commandments for Aspiring Superforecasters
https://forum.effectivealtruism.org/posts/tBovvSWFBWnuBjjzL/please-take-the-2018-effective-altruism-survey, Please Take the 2018 Effective Altruism Survey!
https://forum.effectivealtruism.org/users/tee, Tee
https://forum.effectivealtruism.org/posts/6NWMo9MgAsTW288uG/syllabus-for-course-on-effective-altruism, Syllabus for Course on Effective Altruism
https://forum.effectivealtruism.org/users/egastfriend, egastfriend
https://forum.effectivealtruism.org/posts/g4QMF5uXBfRu6wEJ4/should-there-be-an-ea-crowdfunding-platform, Should there be an EA crowdfunding platform?
https://forum.effectivealtruism.org/posts/MQWAsdm8MSzYNkD9X/announcing-the-effective-altruism-handbook-2nd-edition, Announcing the Effective Altruism Handbook
https://forum.effectivealtruism.org/users/maxdalton, Maxdalton
https://forum.effectivealtruism.org/posts/sF7Loj5joocgykSZ7/giving-later-in-life-giving-more, Giving Later in Life: Giving More
https://forum.effectivealtruism.org/users/jamie_cassidy, jamie_cassidy
https://forum.effectivealtruism.org/posts/hnb7yYfJ5bjLdYvGq/the-life-you-can-save-s-2017-annual-report-and-2018, The Life You Can Save's 2017 Annual Report and 2018 Strategic Plan
https://forum.effectivealtruism.org/users/jon_behar, Jon_Behar
https://forum.effectivealtruism.org/posts/ERptCBkG5Xdmuywd9/how-beneficial-have-vaccines-been, How beneficial have vaccines been?
https://forum.effectivealtruism.org/posts/RJr68pMkN2YfMkFnC/wild-animal-welfare-project-discussion-a-one-year-strategic, Wild Animal Welfare Project Discussion: A One-Year Strategic Review
https://forum.effectivealtruism.org/posts/hcH98hXCkmYRi4Dfp/reducing-wild-animal-suffering-literature-library, Reducing Wild Animal Suffering Literature Library: Introductory Materials
https://forum.effectivealtruism.org/posts/H38METsWhPwAXp7RC/the-importance-of-ea-dedication-and-why-it-should-be, The Importance of EA Dedication and Why it Should Be Encouraged
https://forum.effectivealtruism.org/posts/3Tvu55ETMNx5T5tJ3/what-is-the-cost-effectiveness-of-researching-vaccines, What is the cost-effectiveness of researching vaccines?
https://forum.effectivealtruism.org/posts/9t2ANzWw4M9qBBJvb/cost-effectiveness-of-vaccines-exploring-model-uncertainty, Cost-Effectiveness of Vaccines: Exploring Model Uncertainty and Takeaways
https://forum.effectivealtruism.org/posts/4FDYHJpgcbpZAawRz/cost-effectiveness-of-vaccines-appendices-and-endnotes, Cost-Effectiveness of Vaccines: Appendices and Endnotes
https://forum.effectivealtruism.org/posts/eRo5A7scsxdArxMCt/concrete-ways-to-reduce-risks-of-value-drift-and-lifestyle, Concrete Ways to Reduce Risks of Value Drift and Lifestyle Drift
https://forum.effectivealtruism.org/users/darius_meissner, Darius_Meissner
https://forum.effectivealtruism.org/posts/8xQDJ8SgscWBeXMzw/a-case-for-developing-aldehyde-stabilized-cryopreservation, A case for developing Aldehyde Stabilized Cryopreservation into a medical procedure (1/4)
https://forum.effectivealtruism.org/users/oge, oge
https://forum.effectivealtruism.org/posts/FYuMgcNq2quC8CSyc/against-prediction-markets, Against prediction markets
https://forum.effectivealtruism.org/posts/MYth4Ju4kbfHmJRbA/remote-volunteering-opportunities-in-effective-altruism, Remote Volunteering Opportunities in Effective Altruism
https://forum.effectivealtruism.org/posts/d8Q3tFQsjG4iiXQgs/why-founding-charities-is-one-of-the-highest-impact-things, Why founding charities is one of the highest impact things one can do
https://forum.effectivealtruism.org/posts/kg2YNppX72q4LMqka/worldview-uncertainty, Worldview uncertainty
https://forum.effectivealtruism.org/users/ronja_lutz, Ronja_Lutz
https://forum.effectivealtruism.org/posts/JoezRXNpNGrm8f8nP/employee-giving-incentives-a-shared-database-relevant-for-ea, Employee Giving incentives: A shared database... relevant for EA job-seekers and activists
https://forum.effectivealtruism.org/users/david_reinstein, david_reinstein
https://forum.effectivealtruism.org/posts/CjPrNjSeDJJpHJhXk/ea-doesn-t-have-a-talent-gap-different-causes-have-different, “EA” doesn’t have a talent gap. Different causes have different gaps.
https://forum.effectivealtruism.org/users/katherinesavoie, katherinesavoie
https://forum.effectivealtruism.org/posts/x8yrkBqwAT468D4gK/do-prof-eva-vivalt-s-results-show-evidence-based-development, Do Prof Eva Vivalt's results show 'evidence-based' development isn't all it's cut out to be?
https://forum.effectivealtruism.org/users/robert_wiblin, Robert_Wiblin
https://forum.effectivealtruism.org/posts/TwJb75GtbD4LvGiku/1-what-is-moral-realism-1, 1. What Is Moral Realism?
https://forum.effectivealtruism.org/posts/KhwiyLpJmW6fcAuuo/ineffective-entrepreneurship-post-mortem-of-hippo-the, Ineffective entrepreneurship: post-mortem of Hippo
https://forum.effectivealtruism.org/posts/SYymYwgT89wcZBPYr/expected-cost-per-life-saved-of-the-tame-trial, Expected cost per life saved of the TAME trial
https://forum.effectivealtruism.org/users/emanuele_ascani, Emanuele_Ascani
https://forum.effectivealtruism.org/posts/fnBnEiwged7y5vQFf/triple-counting-impact-in-ea, Triple counting impact in EA
https://forum.effectivealtruism.org/posts/EP8x3vHRQJP57TjFL/the-counterfactual-impact-of-agents-acting-in-concert, The counterfactual impact of agents acting in concert
https://forum.effectivealtruism.org/posts/i3SBTvPuqkXgrBdAv/why-groups-should-consider-direct-work, Why Groups Should Consider Direct Work
https://forum.effectivealtruism.org/posts/qxBfbwStHfA4Qfe5A/three-levels-of-cause-prioritisation, Three levels of cause prioritisation
https://forum.effectivealtruism.org/users/casebash, casebash
https://forum.effectivealtruism.org/posts/MZPfcHuFZ36HdMy87/why-eas-in-particular-are-good-people-to-start-charities, Why EAs in particular are good people to start charities
https://forum.effectivealtruism.org/posts/tny62ELsfnPNtY2Tx/a-model-of-an-ea-group, A Model of an EA Group
https://forum.effectivealtruism.org/users/charliers, CharlieRS
https://forum.effectivealtruism.org/posts/TcS6squwsJSg2kdQm/a-concrete-model-for-running-an-ea-group, A Concrete Model for Running an EA Group
https://forum.effectivealtruism.org/users/tobiaspulver, tobiaspulver
https://forum.effectivealtruism.org/posts/xgYodA7fom4mbD6v4/effective-thesis-project-review, Effective Thesis project review
https://forum.effectivealtruism.org/posts/JdqHvyy2Tjcj3nKoD/ea-hotel-with-free-accommodation-and-board-for-two-years-1, EA Hotel with free accommodation and board for two years
https://forum.effectivealtruism.org/users/greg_colbourn, Greg_Colbourn
https://forum.effectivealtruism.org/posts/rQdsPRbCWrRfCdwnu/list-of-80-000-hours-content-from-the-last-2-months-summary, List of 80
https://forum.effectivealtruism.org/posts/bkjNa2WAZvqahqpoH/it-s-supposed-to-feel-like-this-8-emotional-challenges-of, It’s Supposed To Feel Like This: 8 emotional challenges of altruism
https://forum.effectivealtruism.org/posts/DvmYL7hB7xrDvYarW/the-giving-game-project-s-2017-annual-report, The Giving Game Project's 2017 Annual Report
https://forum.effectivealtruism.org/posts/k8adLKtEBJw7QWPK5/introducing-charity-entrepreneurship-an-incubation-and, Introducing Charity Entrepreneurship: an Incubation and Research Program for New Charities
https://forum.effectivealtruism.org/posts/6YBypGG2iC7Xcctzi/lessons-for-estimating-cost-effectiveness-of-vaccines-more, Lessons for estimating cost-effectiveness (of vaccines) more effectively
https://forum.effectivealtruism.org/posts/MDxaD688pATMnjwmB/to-grow-a-healthy-movement-pick-the-low-hanging-fruit, To Grow a Healthy Movement
https://forum.effectivealtruism.org/users/arikagan, arikagan
https://forum.effectivealtruism.org/posts/9ShnvD6Zprhj77zD8/animal-equality-showed-that-advocating-for-diet-change-works, Animal Equality showed that advocating for diet change works. But is it cost-effective?
https://forum.effectivealtruism.org/posts/DsPyfxhXTi2Ph2pZf/the-first-ai-safety-camp-and-onwards, The first AI Safety Camp & onwards
https://forum.effectivealtruism.org/posts/pdcDDC4eFr3xNXJmm/reflections-on-berkeley-reach, Reflections on Berkeley REACH
https://forum.effectivealtruism.org/users/sdspikes, sdspikes
https://forum.effectivealtruism.org/posts/yLd2c2rg5Jrq9HR6K/want-to-be-more-productive, Want to be more productive?
https://forum.effectivealtruism.org/users/lynettebye, lynettebye
https://forum.effectivealtruism.org/posts/HgiLypeTFmfj9sjB7/beri-s-project-grants-program-round-one," BERI's ""Project Grants"" Program - Round One"
https://forum.effectivealtruism.org/users/rebecca_raible, rebecca_raible
https://forum.effectivealtruism.org/posts/JPtptap3cdvXRq2BY/effective-altruism-as-global-catastrophe-mitigation, Effective Altruism as Global Catastrophe Mitigation
https://forum.effectivealtruism.org/posts/F78jJidgsdh5sfrN8/announcing-the-second-ai-safety-camp, Announcing the second AI Safety Camp
https://forum.effectivealtruism.org/users/annewissemann, AnneWissemann
https://forum.effectivealtruism.org/posts/9ozoJpPoNBL6Z5BX5/a-lesson-from-an-ea-weekend-in-london-pairing-people-up-to, A lesson from an EA weekend in London: pairing people up to talk 1 on 1 for 30 mins seems to be very useful
https://forum.effectivealtruism.org/users/saulius, saulius
https://forum.effectivealtruism.org/posts/Jp5Gs9nsRA6pzBeQN/effective-advertising-and-animal-charity-evaluators, Effective Advertising and Animal Charity Evaluators
https://forum.effectivealtruism.org/posts/q2tNYdtyXegAp9spc/doning-with-the-devil, Doning with the devil
https://forum.effectivealtruism.org/users/cole_haus, cole_haus
https://forum.effectivealtruism.org/posts/v7wg6mHz2DykatCAc/visualising-animal-agriculture, Visualising animal agriculture
https://forum.effectivealtruism.org/posts/gFxgPhn3myvjo7NSo/announcing-prioritywiki-a-cause-prioritization-wiki, Announcing PriorityWiki: A Cause Prioritization Wiki
https://forum.effectivealtruism.org/posts/KPwgmDyHaceoEFSPm/informational-hazards-and-the-cost-effectiveness-of-open, Informational hazards and the cost-effectiveness of open discussion of catastrophic risks
https://forum.effectivealtruism.org/posts/Ekzvat8FbHRiPLn9Z/the-values-to-actions-decision-chain-a-lens-for-improving, The Values-to-Actions Decision Chain: a lens for improving coordination
https://forum.effectivealtruism.org/posts/oQCew7TYn35HycJpq/how-to-have-cost-effective-fun, How to have cost-effective fun
https://forum.effectivealtruism.org/posts/NHpTnqAg3KBNtfHZm/potential-funding-gap-full-time-ea-community-strategisers, Potential funding gap: full-time EA community strategisers
https://forum.effectivealtruism.org/posts/7ctcuQci6JXCni3cZ/positly-wants-to-accelerate-social-science-research-and-have, Positly wants to accelerate social science research and have a greater impact within the EA community… and you can help
https://forum.effectivealtruism.org/users/lukefreeman, lukefreeman
https://forum.effectivealtruism.org/posts/en6sZT53fWxahFJ9W/governmental-cba-as-an-ea-career-step-a-shallow, Governmental CBA as an EA Career Step: A Shallow Investigation
https://forum.effectivealtruism.org/users/cullen_okeefe, Cullen_OKeefe
https://forum.effectivealtruism.org/posts/6DPSFPoQXrXrjSvgS/open-thread-40, Open Thread #40
https://forum.effectivealtruism.org/posts/io6yLz6GtF6kvXt99/ideas-for-improving-funding-for-individual-eas-ea-projects, Ideas for Improving Funding for Individual EAs
https://forum.effectivealtruism.org/users/brendon_wong, Brendon_Wong
https://forum.effectivealtruism.org/posts/KnoWtbBtXB8amBDpS/impact-investing-a-viable-option-for-eas, Impact Investing - A Viable Option for EAs?
https://forum.effectivealtruism.org/users/naryan, Naryan
https://forum.effectivealtruism.org/posts/3poYR8mXfcr9YM34Z/new-research-on-effective-climate-charities, New research on effective climate charities
https://forum.effectivealtruism.org/posts/gNHFRWyo58cTQ8pe8/ea-forum-2-0-initial-announcement, EA Forum 2.0 Initial Announcement
https://forum.effectivealtruism.org/users/marekduda, MarekDuda
https://forum.effectivealtruism.org/posts/64KbxYQ9iEvxqLp2g/the-ethics-of-giving-part-one-thomas-hill-on-the-kantian, The Ethics of Giving part one: Thomas Hill on the Kantian perspective on giving
https://forum.effectivealtruism.org/users/kbog, kbog
https://forum.effectivealtruism.org/posts/wkLjwiGQ8fRdTDqou/the-ea-community-and-long-term-future-funds-lack, The EA Community and Long-Term Future Funds Lack Transparency and Accountability
https://forum.effectivealtruism.org/posts/YuwXeASg3aeiPdLdh/a-critical-perspective-on-maximizing-happiness, A Critical Perspective on Maximizing Happiness
https://forum.effectivealtruism.org/users/ruth_freiling_duplicate0-9597937224729234, Ruth_Freiling_duplicate0.9597937224729234
https://forum.effectivealtruism.org/posts/E8mx588jRLzbKHXoG/one-for-the-world-as-a-potential-vehicle-to-expand-the-reach, One for the World as a potential vehicle to expand the reach of Effective Altruism
https://forum.effectivealtruism.org/users/rossaokod, rossaokod
https://forum.effectivealtruism.org/posts/qYbqX3jX4JnTtHA5f/leverage-research-reviewing-the-basic-facts, Leverage Research: reviewing the basic facts
https://forum.effectivealtruism.org/users/throwaway, throwaway
https://forum.effectivealtruism.org/posts/2qGL7FoTEZTwp38ij/problems-with-ea-representativeness-and-how-to-solve-it, Problems with EA representativeness and how to solve it
https://forum.effectivealtruism.org/posts/FA794RppcqrNcEgTC/why-are-you-here-an-origin-stories-thread, Why are you here? An origin stories thread.
https://forum.effectivealtruism.org/posts/knMYeBDJqC5d9vonH/harvard-ea-s-2018-19-vision, Harvard EA's 2018–19 Vision
https://forum.effectivealtruism.org/posts/5uWX6iNhaMp6Gnz7q/bangladesh-is-in-desperate-need-for-effective-altruists, Bangladesh is in Desperate Need For Effective Altruists
https://forum.effectivealtruism.org/users/farhan, Farhan
https://forum.effectivealtruism.org/posts/Wab6KrMLaEdqfLatg/the-ethics-of-giving-part-two-christine-swanton-on-the, The Ethics of Giving part two: Christine Swanton on the Virtues of Giving
https://forum.effectivealtruism.org/posts/NceQ2JxaqusiCRJNq/when-causes-multiply, When causes multiply
https://forum.effectivealtruism.org/posts/frYYAAa5K4nHqRCPG/current-estimates-for-likelihood-of-x-risk, Current Estimates for Likelihood of X-Risk?
https://forum.effectivealtruism.org/posts/oC2cJM5aiJHnMtvmE/ea-funds-an-update-from-cea, EA Funds - An update from CEA
https://forum.effectivealtruism.org/posts/6ojaD4vmxsSrZyBBF/representation-for-future-generations-in-sweden-a-summary-of, Representation for Future Generations in Sweden – a summary of our work so far
https://forum.effectivealtruism.org/posts/gGiiktK69R2YY7FfG/fish-used-as-live-bait-by-recreational-fishermen, Fish used as live bait by recreational fishermen
https://forum.effectivealtruism.org/posts/EKBt7uvYug7haDAfu/students-for-high-impact-charity-2018-update, Students for High-Impact Charity: 2018 Update
https://forum.effectivealtruism.org/users/baxterb, baxterb
https://forum.effectivealtruism.org/posts/iY5cAnfDg78F3mNtr/announcing-wasr-s-grants-competition, Announcing WASR's Grants Competition
https://forum.effectivealtruism.org/users/vegjosh_duplicate0-31458027352151907, vegjosh
https://forum.effectivealtruism.org/posts/ACdHpmmmtxMXxbjno/local-community-building-funnel-and-activities-ea-geneva, Local Community Building Funnel and Activities - EA Geneva
https://forum.effectivealtruism.org/users/konrad, konrad
https://forum.effectivealtruism.org/posts/2RfQT7cybfS8zoy43/are-men-more-likely-to-attend-ea-london-events-attendance, Are men more likely to attend EA London events? Attendance data
https://forum.effectivealtruism.org/posts/dqRfiFsvjaGyH3jW8/the-ethics-of-giving-part-three-jeff-mcmahan-on-whether-one, The Ethics of Giving Part Three: Jeff McMahan on Whether One May Donate to an Ineffective Charity
https://forum.effectivealtruism.org/posts/pSWwYLJKquZa55WWA/fisher-and-syed-on-tradable-obligations-to-enhance-health, Fisher & Syed on Tradable Obligations to Enhance Health
https://forum.effectivealtruism.org/posts/92wCvqF73Gzg5Jnrr/request-for-input-on-multiverse-wide-superrationality-msr, Request for input on multiverse-wide superrationality (MSR)
https://forum.effectivealtruism.org/users/johannes_treutlein, Johannes_Treutlein
https://forum.effectivealtruism.org/posts/awS28gHCM9GBmhcAA/cea-on-community-building-representativeness-and-the-ea, CEA on community building
https://forum.effectivealtruism.org/users/kerry_vaughan, Kerry_Vaughan
https://forum.effectivealtruism.org/posts/93GmXP8ikHhQzjs2i/what-is-the-most-helpful-categorical-breakdown-of-normative, What is the Most Helpful Categorical Breakdown of Normative Ethics?
https://forum.effectivealtruism.org/posts/A7NWTjnWZPmjyLdtT/donations-list-website-tutorial-and-request-for-feedback, Donations List Website: tutorial and request for feedback
https://forum.effectivealtruism.org/users/riceissa, riceissa
https://forum.effectivealtruism.org/posts/BtptBcXWmjZBfdo9n/ea-facebook-group-greatest-hits-top-50-posts-by-total, EA Facebook Group Greatest Hits: Top 50 Posts by Total Reactions
https://forum.effectivealtruism.org/users/joel_duplicate0-5816669276037654, joel_duplicate0.5816669276037654
https://forum.effectivealtruism.org/posts/5XumhBiJKjvn6XkqQ/awesome-effective-altruism-a-curated-list-of-ea-resources, Awesome Effective Altruism - a curated list of EA resources
https://forum.effectivealtruism.org/posts/rmKwTzX5XLGs94fcB/public-opinion-about-existential-risk, Public Opinion about Existential Risk
https://forum.effectivealtruism.org/users/cscanlon_duplicate0-8895599732012125, cscanlon_duplicate0.8895599732012125
https://forum.effectivealtruism.org/posts/jR2LKoXoL4Aq9T2MQ/how-to-make-an-impact-in-animal-advocacy-a-survey, How to make an impact in animal advocacy
https://forum.effectivealtruism.org/posts/znGdyq2J2LbCyeuat/good-news-that-matters, Good news that matters
https://forum.effectivealtruism.org/users/michelle_hutchinson, Michelle_Hutchinson
https://forum.effectivealtruism.org/posts/89B9tQzfJB4wLKyvF/hlai-2018-field-report, HLAI 2018 Field Report
https://forum.effectivealtruism.org/posts/yfsNZ9aKSDEFsiS68/doing-vs-talking-at-ea-events, Doing vs Talking at EA Events
https://forum.effectivealtruism.org/users/adamaero, adamaero
https://forum.effectivealtruism.org/posts/XbkCwCfXeAt25vFsA/open-thread-41, Open Thread #41
https://forum.effectivealtruism.org/users/john_maxwell, John_Maxwell
https://forum.effectivealtruism.org/posts/WmHwhR3AC5jwuH3X5/what-i-learned-from-a-year-spent-studying-how-to-get, What I Learned from a Year Spent Studying How to Get Policymakers to Use Evidence
https://forum.effectivealtruism.org/users/zdgroff, zdgroff
https://forum.effectivealtruism.org/posts/DHFMSiFj2mRD6HwXr/what-activities-do-local-groups-run, What Activities Do Local Groups Run
https://forum.effectivealtruism.org/users/david_moss, David_Moss
https://forum.effectivealtruism.org/posts/Wvwx29aoH9Jvs9SXN/the-ethics-of-giving-part-four-elizabeth-ashford-on-justice, The Ethics of Giving Part Four: Elizabeth Ashford on Justice and Effective Altruism
https://forum.effectivealtruism.org/posts/SbwWBhi6T6qZwxu2X/the-righteous-mind-book-review, The Righteous Mind book review
https://forum.effectivealtruism.org/users/justis, Justis
https://forum.effectivealtruism.org/posts/nrDu9B8rKjJ2Kc5GK/which-piece-got-you-more-involved-in-ea, Which piece got you more involved in EA?
https://forum.effectivealtruism.org/posts/azyhmZnXfdAF7XPQP/wrong-by-induction, Wrong by Induction
https://forum.effectivealtruism.org/posts/zri7LsivEAqnYZ6Wt/concerns-with-ace-research, Concerns with ACE research
https://forum.effectivealtruism.org/posts/5JDveXuCn6KgnMnSG/additional-plans-for-the-new-ea-forum, Additional plans for the new EA Forum
https://forum.effectivealtruism.org/posts/Sur4yHbkWL7bpRoby/ace-s-response-to-john-halstead, ACE's Response to John Halstead
https://forum.effectivealtruism.org/users/tonia, ToniA
https://forum.effectivealtruism.org/posts/zf7PNhcXsKk4n3RCi/near-term-effective-altruism-discord, Near-Term Effective Altruism Discord
https://forum.effectivealtruism.org/users/ozymandias, ozymandias
https://forum.effectivealtruism.org/posts/mK8zDmod8qXtvjpQo/book-review-the-doomsday-machine, Book review: The Doomsday Machine
https://forum.effectivealtruism.org/users/eukaryote, eukaryote
https://forum.effectivealtruism.org/posts/tSCnGyP5wpSuEmRDQ/ea-needs-a-cause-prioritization-journal, EA needs a cause prioritization journal
https://forum.effectivealtruism.org/posts/dmyKrC5Nuu8wHyzyj/islands-as-refuges-for-surviving-global-catastrophes, Islands as refuges for surviving global catastrophes
https://forum.effectivealtruism.org/posts/jk7A3NMdbxp65kcJJ/500-million-but-not-a-single-one-more, 500 Million
https://forum.effectivealtruism.org/users/jai, jai
https://forum.effectivealtruism.org/posts/f97Was6q9Tw6qcczF/giving-what-we-can-is-still-growing-at-a-surprisingly-good, Giving What We Can is still growing at a surprisingly good pace
https://forum.effectivealtruism.org/posts/nstKfMKh36Xdjsezm/ea-grants-applications-are-now-open, EA Grants applications are now open
https://forum.effectivealtruism.org/posts/cimFBQbpjntoBAKCq/is-it-better-to-be-a-wild-rat-or-a-factory-farmed-cow-a-1, Is it better to be a wild rat or a factory farmed cow? A systematic method for comparing animal welfare.
https://forum.effectivealtruism.org/users/karolinasarek, KarolinaSarek
https://forum.effectivealtruism.org/posts/Zwjy4YPccnf8b4WCo/berkeley-reach-supporters-update-september-2018, Berkeley REACH Supporters Update: September 2018
https://forum.effectivealtruism.org/posts/3hXsB5B8WMZ6usRTu/better-models-for-ea-development-a-network-of-communities, Better models for EA development: a network of communities
https://forum.effectivealtruism.org/posts/jhexFncC9KN76Z5ki/ea-concepts-share-impressions-before-credences, EA Concepts: Share Impressions Before Credences
https://forum.effectivealtruism.org/users/aarongertler, Aaron Gertler
https://forum.effectivealtruism.org/posts/gaAreYEEHSXQhJcbm/2018-list-of-half-baked-volunteer-research-ideas, 2018 list of half-baked volunteer research ideas
https://forum.effectivealtruism.org/posts/S2Sonawxz2cY4YdXK/ea-survey-2018-series-community-demographics-and, EA Survey 2018 Series: Community Demographics & Characteristics
https://forum.effectivealtruism.org/users/laurenwhetstone, laurenwhetstone
https://forum.effectivealtruism.org/posts/pKgWQMjPki5bz7ehZ/memetic-tribes-and-culture-war-2-0-article-discussion, Memetic Tribes and Culture War 2.0 (Article Discussion)
https://forum.effectivealtruism.org/posts/3jgpAjRoP6FbeESxg/curing-past-sufferings-and-preventing-s-risks-via-indexical, Curing past sufferings and preventing s-risks via indexical uncertainty
https://forum.effectivealtruism.org/posts/a9KpNLWpSKt9LxpRp/ea-community-building-grant-lessons-learned-from-working, EA community building grant: Lessons learned from working part-time on EA Denmark
https://forum.effectivealtruism.org/users/sebastianschmidt, SebastianSchmidt
https://forum.effectivealtruism.org/posts/6KJG8WNNJS9gfMRua/these-are-the-world-s-highest-impact-career-paths-according, These are the world’s highest impact career paths according to our research - 80
https://forum.effectivealtruism.org/posts/m85Ecd8QFE7muvojj/rptp-is-a-strong-reason-to-consider-giving-later, RPTP Is a Strong Reason to Consider Giving Later
https://forum.effectivealtruism.org/users/trammell, trammell
https://forum.effectivealtruism.org/posts/SrXPDdERz2ss3GK2M/list-of-80-000-hours-content-from-the-last-4-months-summary, List of 80
https://forum.effectivealtruism.org/posts/zSyvdd9rijNsX8d9y/cser-special-issue-futures-of-research-in-catastrophic-and, CSER Special Issue: 'Futures of Research in Catastrophic and Existential Risk'
https://forum.effectivealtruism.org/users/haydnbelfield, HaydnBelfield
https://forum.effectivealtruism.org/posts/es6Du463y7rKy6WJL/a-research-framework-to-improve-real-world-giving-behavior, A Research Framework to Improve Real-World Giving Behavior
https://forum.effectivealtruism.org/posts/r5W78AGjzY9wwPn8K/bottlenecks-and-solutions-for-the-x-risk-ecosystem, Bottlenecks and Solutions for the X-Risk Ecosystem
https://forum.effectivealtruism.org/users/florentberthet, FlorentBerthet
https://forum.effectivealtruism.org/posts/7bp9Qjy7rCtuhGChs/survey-of-ea-org-leaders-about-what-skills-and-experience, Survey of EA org leaders about what skills and experience they most need
https://forum.effectivealtruism.org/posts/mSfREQgub4QDxziNy/relieving-extreme-physical-pain-in-humans-an-opportunity-for, Relieving extreme physical pain in humans – an opportunity for effective funding
https://forum.effectivealtruism.org/users/jonleighton, jonleighton
https://forum.effectivealtruism.org/posts/pzEJmc5gRskHjGTak/many-ea-orgs-say-they-place-a-lot-of-financial-value-on, Many EA orgs say they place a lot of financial value on their previous hire. What does that mean
https://forum.effectivealtruism.org/posts/FrJ4vJfZiC9uiv7pj/double-crux-prompts-for-effective-altruists, Double Crux prompts for Effective Altruists
https://forum.effectivealtruism.org/users/elityre, Elityre
https://forum.effectivealtruism.org/posts/W2TSAAoMqD4wwTbWr/announcing-the-ea-angel-group-seeking-eas-with-the-time-and, Announcing the EA Angel Group - Seeking EAs with the Time and Money to Evaluate and Fund Early-Stage Grants
https://forum.effectivealtruism.org/users/benjamin-pence, benjamin-pence
https://forum.effectivealtruism.org/posts/areeSd8Z4rQXjjL4y/vox-has-a-new-department-future-perfect-covering-the-world, Vox has a new department
https://forum.effectivealtruism.org/users/kelseypiper, KelseyPiper
https://forum.effectivealtruism.org/posts/78GnWjAacLMNeTmtG/reducing-wild-animal-suffering-literature-library, Reducing Wild Animal Suffering Literature Library: Consciousness and Ecology
https://forum.effectivealtruism.org/posts/QT55kjCvM6sQKfSxf/reducing-wild-animal-suffering-literature-library-original, Reducing Wild Animal Suffering Literature Library: Original Research and Cause Prioritization
https://forum.effectivealtruism.org/posts/hZxs7cDJ7JcHMH8GZ/open-thread-42, Open Thread #42
https://forum.effectivealtruism.org/posts/a6LXyzYPtCyEZmpS6/why-develop-national-level-effective-altruism-organizations, Why develop national-level effective altruism organizations?
https://forum.effectivealtruism.org/posts/QofjcgYDbCxZQe8nQ/suggestions-for-developing-national-level-effective-altruism, Suggestions for developing national-level effective altruism organizations
https://forum.effectivealtruism.org/posts/iSjttL9PPq9eiqrc3/ea-survey-2018-series-distribution-and-analysis-methodology, EA Survey 2018 Series: Distribution and Analysis Methodology
https://forum.effectivealtruism.org/posts/qeAEB4cKmbLxYcaHj/open-beta-of-the-new-ea-forum-now-available, Open beta of the new EA Forum now available
https://forum.effectivealtruism.org/posts/4WwcNSGd3XcpBC72Y/on-becoming-world-class, On Becoming World-Class
https://forum.effectivealtruism.org/posts/SKEcxRqedDiyhPunb/is-suffering-convex, Is Suffering Convex?
https://forum.effectivealtruism.org/users/davidmanheim, Davidmanheim
https://forum.effectivealtruism.org/posts/znFAeeKk566bCNMNE/keeping-absolutes-in-mind, Keeping Absolutes in Mind
https://forum.effectivealtruism.org/posts/gQvaA9EbvmzQATHt3/book-review-enlightenment-now-by-steven-pinker, Book Review: Enlightenment Now
https://forum.effectivealtruism.org/posts/BMLXJ25jz4R3TBXNu/lessons-from-giving-lectures-and-career-workshops-in-the, Lessons from giving lectures and career workshops in the Netherlands
https://forum.effectivealtruism.org/users/alje, Alje
https://forum.effectivealtruism.org/posts/b3goLZcNxt68WbHmB/thoughts-on-short-timelines, Thoughts on short timelines
https://forum.effectivealtruism.org/users/tobias_baumann, Tobias_Baumann
https://forum.effectivealtruism.org/posts/kuZz3aB6Z7tciEhG5/mind-ease-a-promising-new-mental-health-intervention, Mind Ease: a promising new mental health intervention
https://forum.effectivealtruism.org/users/peterbrietbart, PeterBrietbart
https://forum.effectivealtruism.org/posts/FvbTKrEQWXwN5A6Tb/a-happiness-manifesto-why-and-how-effective-altruism-should, A Happiness Manifesto: Why and How Effective Altruism Should Rethink its Approach to Maximising Human Welfare
https://forum.effectivealtruism.org/posts/SPc9CXaLdEJGiDZy5/announcing-lets-fund-org-high-impact-crowdfunding-campaigns," Announcing: ""Lets-Fund.org: High-Impact Crowdfunding campaigns"" & ""Let's Fund #1: A (small) scientific Revolution"""
https://forum.effectivealtruism.org/posts/yYHKRgLk9ufjJZn23/announcing-new-ea-funds-management-teams, Announcing new EA Funds management teams
https://forum.effectivealtruism.org/posts/pZmjjeAmGz7gFiGCP/why-do-small-donors-give-now-but-large-donors-give-later, Why Do Small Donors Give Now
https://forum.effectivealtruism.org/posts/9yEx7srB3QKYPrQRH/reducing-existential-risks-or-wild-animal-suffering, Reducing existential risks or wild animal suffering?
https://forum.effectivealtruism.org/users/stijnbruers, stijnbruers
https://forum.effectivealtruism.org/posts/mb4bhbw8deGHsqZ5J/link-why-donate-to-scientific-research, [link] Why donate to (scientific) research?
https://forum.effectivealtruism.org/posts/rACbNFfdQBfnj65ZX/reducing-wild-animal-suffering-ecosystem-and-directory, Reducing Wild Animal Suffering Ecosystem & Directory
https://forum.effectivealtruism.org/posts/rKTHAgM6JdfGsjnAX/latest-research-and-updates-for-october, Latest Research and Updates for October
https://forum.effectivealtruism.org/users/davidnash, DavidNash
https://forum.effectivealtruism.org/posts/NDszJWMsdLCB4MNoy/burnout-what-is-it-and-how-to-treat-it, Burnout: What is it and how to Treat it.
https://forum.effectivealtruism.org/users/elizabeth, Elizabeth
https://forum.effectivealtruism.org/posts/u8PcyeKMDdF3biPzo/rationality-of-demonstrating-and-voting, Rationality of demonstrating & voting
https://forum.effectivealtruism.org/users/bfinn, bfinn
https://forum.effectivealtruism.org/posts/CbBNfb8rQeH9PMmdr/why-donate-to-meta-research-1, Why donate to meta-research?
https://forum.effectivealtruism.org/posts/Z6Ssc79vH496bLqL9/tiny-probabilities-of-vast-utilities-a-problem-for-long, Tiny Probabilities of Vast Utilities: A Problem for Long-Termism?
https://forum.effectivealtruism.org/posts/DdGWDCN5Dje8jJf9v/the-goods-of-the-human-saga, The goods of the human saga.
https://forum.effectivealtruism.org/users/raltune, Raltune
https://forum.effectivealtruism.org/posts/QESJnGfPKZtef6Qtv/even-non-theists-should-act-as-if-theism-is-true, Even non-theists should act as if theism is true
https://forum.effectivealtruism.org/users/alexrattee, alexrattee
https://forum.effectivealtruism.org/posts/ZrCNyywNPtdp9Q6rs/book-summary-messages-the-communication-skills-book-part-i," Book Summary: ""Messages: The Communication Skills Book"" Part I & II"
https://forum.effectivealtruism.org/posts/wZzMvwi55cqGhsvSE/the-vulnerable-world-hypothesis-nick-bostrom-s-new-paper, “The Vulnerable World Hypothesis” (Nick Bostrom’s new paper)
https://forum.effectivealtruism.org/posts/vgFnJhTiRco8DqBoC/prediction-augmented-evaluation-systems, Prediction-Augmented Evaluation Systems
https://forum.effectivealtruism.org/users/oagr, Ozzie Gooen
https://forum.effectivealtruism.org/posts/gGdnTe7sJJuNagCmy/food-fortification-of-factory-farmed-animals-food-ce-ask, Food fortification of factory farmed animals’ food - CE ask report
https://forum.effectivealtruism.org/posts/cEkseGBh7a2PAKWFz/is-neglectedness-a-strong-predictor-of-marginal-impact, Is Neglectedness a Strong Predictor of Marginal Impact?
https://forum.effectivealtruism.org/users/sbehmer, sbehmer
https://forum.effectivealtruism.org/posts/cYf6Xx8w7bt9ivbon/which-world-gets-saved, Which World Gets Saved
https://forum.effectivealtruism.org/posts/Z6QhwL3MDppdrygQB/measuring-change-in-diet-for-animal-advocacy, Measuring Change in Diet for Animal Advocacy
https://forum.effectivealtruism.org/users/jacob_peacock, Jacob_Peacock
https://forum.effectivealtruism.org/posts/NWZPDjSXcXwqttPLS/tiny-probabilities-of-vast-utilities-defusing-the-initial, Tiny Probabilities of Vast Utilities: Defusing the Initial Worry and Steelmanning the Problem
https://forum.effectivealtruism.org/posts/DEuYo4zxDyY7h7n74/debate-and-effective-altruism-friends-or-foes, Debate and Effective Altruism: Friends or Foes?
https://forum.effectivealtruism.org/users/tenathau, TenaThau
https://forum.effectivealtruism.org/posts/SfMvGMPYswSwpeGDk/pursuing-infinite-positive-utility-at-any-cost, Pursuing infinite positive utility at any cost
https://forum.effectivealtruism.org/posts/HLiT2YbHBaLxqhNbY/w-risk-and-the-technological-wavefront-nell-watson, W-Risk and the Technological Wavefront (Nell Watson)
https://forum.effectivealtruism.org/posts/Tar6JmceRPknkNJxM/ai-development-incentive-gradients-are-not-uniformly, AI development incentive gradients are not uniformly terrible
https://forum.effectivealtruism.org/users/rk, rk
https://forum.effectivealtruism.org/posts/ZLPEju49nGxy4cFkf/wireheading-as-a-possible-contributor-to-civilizational, Wireheading as a Possible Contributor to Civilizational Decline
https://forum.effectivealtruism.org/users/avturchin, avturchin
https://forum.effectivealtruism.org/posts/hBxp5xQtFGisTaKaH/cross-post-think-twice-before-talking-about-talent-gaps, Cross-post: Think twice before talking about ‘talent gaps’ – clarifying nine misconceptions
https://forum.effectivealtruism.org/posts/ccJpTqKZvKXCKsCWn/tiny-probabilities-of-vast-utilities-solutions, Tiny Probabilities of Vast Utilities: Solutions
https://forum.effectivealtruism.org/posts/prWKx4MsWSsPYJ4ts/effective-altruism-in-non-high-income-countries, Effective Altruism in non-high-income countries
https://forum.effectivealtruism.org/posts/zjbxdJbTTmTvrWAX9/tiny-probabilities-of-vast-utilities-concluding-arguments, Tiny Probabilities of Vast Utilities: Concluding Arguments
https://forum.effectivealtruism.org/posts/q8g2MXQCmKoYhEjsT/insomnia-a-promising-cure, Insomnia: a promising cure
https://forum.effectivealtruism.org/posts/Q3TaTgFzZoYF9SX5W/when-should-eas-allocate-funding-randomly-an-inconclusive, When should EAs allocate funding randomly? An inconclusive literature review.
https://forum.effectivealtruism.org/users/max_daniel, Max_Daniel
https://forum.effectivealtruism.org/posts/7DhEnxBqP62jHmsAx/taking-ai-risk-seriously-thoughts-by-andrew-critch," ""Taking AI Risk Seriously"" – Thoughts by Andrew Critch"
https://forum.effectivealtruism.org/users/raemon, Raemon
https://forum.effectivealtruism.org/posts/CcNY4MrT5QstNh4r7/cost-effectiveness-of-foods-for-global-catastrophes-even, Cost-Effectiveness of Foods for Global Catastrophes: Even Better than Before?
https://forum.effectivealtruism.org/posts/nRJNgArBBQicwwAH6/getting-past-the-daly-different-measures-of-positive-impact," Getting past the DALY: different measures of ""positive impact"""
https://forum.effectivealtruism.org/users/drbrake, drbrake
https://forum.effectivealtruism.org/posts/nMfhXPiqPRDtEdauY/tiny-probabilities-of-vast-utilities-bibliography-and, Tiny Probabilities of Vast Utilities: Bibliography and Appendix
https://forum.effectivealtruism.org/posts/gABGNBoSfvrkkqs9h/literature-review-why-do-people-give-money-to-charity, Literature Review: Why Do People Give Money To Charity?
https://forum.effectivealtruism.org/posts/TgSRqpECJTk2bHipd/critique-of-existential-threats-chapter-in-enlightenment-now, Critique of “Existential Threats” chapter in Enlightenment Now
https://forum.effectivealtruism.org/posts/TBSqE3Yae9QLBeyvE/pandemic-risk-how-large-are-the-expected-losses-fan-jamison, Pandemic Risk: How Large are the Expected Losses? Fan
https://forum.effectivealtruism.org/users/anonymous_ea, anonymous_ea
https://forum.effectivealtruism.org/posts/DW4FyzRTfBfNDWm6J/some-cruxes-on-impactful-alternatives-to-ai-policy-work, Some cruxes on impactful alternatives to AI policy work
https://forum.effectivealtruism.org/users/richard_ngo, richard_ngo
https://forum.effectivealtruism.org/posts/5f2oopqmL7oXXLRs9/high-welfare-meat-ce-ask-report, High welfare meat - CE ask report
https://forum.effectivealtruism.org/posts/YkLwFmFM43dfnr4d9/outreach-to-farmers, Outreach to Farmers
https://forum.effectivealtruism.org/users/monica, Monica
https://forum.effectivealtruism.org/posts/yeLHscpJZC8Z4z5dX/link-introduction-to-cause-prioritisation, [Link] Introduction to Cause Prioritisation
https://forum.effectivealtruism.org/users/olafvdveen, OlafvdVeen
https://forum.effectivealtruism.org/posts/tbfNF5qCGbjSmpM8E/how-democracy-ends-a-review-and-reevaluation, How democracy ends: a review and reevaluation
https://forum.effectivealtruism.org/posts/oJ296AM5t92obhkxQ/is-the-hunger-site-worth-it, Is The Hunger Site worth it?
https://forum.effectivealtruism.org/users/annafirtree, annafirtree
https://forum.effectivealtruism.org/posts/HS2AAJd5HpDMRPZHP/rationality-vs-rationalization-reflecting-on-motivated, Rationality vs. Rationalization: Reflecting on motivated beliefs
https://forum.effectivealtruism.org/users/alexlintz, alexlintz
https://forum.effectivealtruism.org/posts/iwekLd4wP9BP2x2wN/narrative-but-not-philosophical-argument-motivates-giving-to, Narrative but Not Philosophical Argument Motivates Giving to Charity
https://forum.effectivealtruism.org/posts/7bMMxgqZ2YNhrcJGx/2018-givewell-recommendations, 2018 GiveWell Recommendations
https://forum.effectivealtruism.org/users/jeff_kaufman, Jeff_Kaufman
https://forum.effectivealtruism.org/posts/yRk9Jrb5vLg4aq6Qi/2018-ace-recommendations, 2018 ACE Recommendations
https://forum.effectivealtruism.org/posts/A3tNmni58gTyK85yE/a-checks-and-balances-approach-to-improving-institutional, A Checks and Balances Approach to Improving Institutional Decision-Making
https://forum.effectivealtruism.org/users/adnan6809, adnan6809
https://forum.effectivealtruism.org/posts/g57AjP4HqTmfFTAde/from-humans-in-canada-to-battery-caged-chickens-in-the, From humans in Canada to battery caged chickens in the United States
https://forum.effectivealtruism.org/posts/s4YCXwah6RdiuBvrZ/so-you-want-to-do-operations-part-one-which-skills-do-you, So you want to do operations [Part one] - which skills do you need?
https://forum.effectivealtruism.org/users/eirine, eirine
https://forum.effectivealtruism.org/posts/GxL5iHafZRtcft6Ta/non-consequentialist-considerations-for-cause-prioritzation, Non-Consequentialist Considerations For Cause-Prioritzation Part 1
https://forum.effectivealtruism.org/users/parker_whitfill, Parker_Whitfill
https://forum.effectivealtruism.org/posts/QGR5HXhjg38fLBotc/would-killing-one-be-in-line-with-ea-if-it-can-save-10, Would killing one be in line with EA if it can save 10?
https://forum.effectivealtruism.org/users/eaphilosophy, eaphilosophy
https://forum.effectivealtruism.org/posts/sFPWpgFNiThZH32vK/ea-global-lightning-talks-san-francisco-2018, EA Global Lightning Talks (San Francisco 2018)
https://forum.effectivealtruism.org/posts/Az6SxKGh5QsnxfE9j/non-consequentialist-considerations-for-cause-prioritzation, Non-Consequentialist Considerations For Cause-Prioritzation Part 2
https://forum.effectivealtruism.org/posts/N6sEjhoToiX6XSkRE/which-image-do-you-prefer-a-study-of-visual-communication-in, Which Image Do You Prefer?: a study of visual communication in six African countries
https://forum.effectivealtruism.org/posts/CWT3FfG7eEDrv7aHQ/will-macaskill-why-should-effective-altruists-embrace, Will MacAskill: Why should effective altruists embrace uncertainty?
https://forum.effectivealtruism.org/users/the-centre-for-effective-altruism, EA Global Transcripts
https://forum.effectivealtruism.org/posts/yht4ffRcAY7ChKSfi/which-animals-need-the-most-help-from-the-animal-advocacy, Which animals need the most help from the animal advocacy movement?
https://forum.effectivealtruism.org/posts/2pNAPEQ8av3dQyXBX/existential-risk-as-common-cause, Existential risk as common cause
https://forum.effectivealtruism.org/users/technicalities, technicalities
https://forum.effectivealtruism.org/posts/ucjaZFNrebZdZAnb9/impact-investing-is-only-a-good-idea-in-specific, Impact investing is only a good idea in specific circumstances
https://forum.effectivealtruism.org/posts/p5LWSq3u8M7C5c2XT/link-vox-article-on-engineered-pathogens-global-catastrophic, [Link] Vox Article on Engineered Pathogens/ Global Catastrophic Biorisks
https://forum.effectivealtruism.org/users/dannybressler, DannyBressler
https://forum.effectivealtruism.org/posts/NfkEqssr7qDazTquW/the-expected-value-of-extinction-risk-reduction-is-positive, The expected value of extinction risk reduction is positive
https://forum.effectivealtruism.org/users/janbrauner, JanBrauner
https://forum.effectivealtruism.org/posts/dvHpzesXtZAMFSTk3/giving-more-won-t-make-you-happier, Giving more won't make you happier
https://forum.effectivealtruism.org/posts/vQpk3cxdAe5RX9xzo/blog-cross-post-we-are-in-triage-every-second-of-every-day, [blog cross-post] We are in triage every second of every day
https://forum.effectivealtruism.org/users/holly_elmore, Holly_Elmore
https://forum.effectivealtruism.org/posts/PbnvjtTFnPiaT5ZJQ/lessons-learned-from-a-prospective-alternative-meat-startup, Lessons Learned from a Prospective Alternative Meat Startup Team
https://forum.effectivealtruism.org/users/scottweathers, scottweathers
https://forum.effectivealtruism.org/posts/A8ndMGC4FTQq46RRX/critique-of-superintelligence-part-1, Critique of Superintelligence Part 1
https://forum.effectivealtruism.org/users/fods12, Fods12
https://forum.effectivealtruism.org/posts/BGWmAqrk64q2w6JjM/critique-of-superintelligence-part-2, Critique of Superintelligence Part 2
https://forum.effectivealtruism.org/posts/iKWbkomL8WrA8Yy4X/critique-of-superintelligence-part-3, Critique of Superintelligence Part 3
https://forum.effectivealtruism.org/posts/LLdHNTEHMoPYqGtHY/critique-of-superintelligence-part-4, Critique of Superintelligence Part 4
https://forum.effectivealtruism.org/posts/WhDa26A3AKaStvuD9/critique-of-superintelligence-part-5, Critique of Superintelligence Part 5
https://forum.effectivealtruism.org/posts/NFvCazkENqtGqFdg8/china-s-z-machine-a-test-facility-for-nuclear-weapons, China's Z-Machine
https://forum.effectivealtruism.org/users/edoarad, EdoArad
https://forum.effectivealtruism.org/posts/usL8XErNqDxwoNQj8/long-term-influence-and-movement-growth-two-historical-case, Long-Term Influence and Movement Growth: Two Historical Case Studies
https://forum.effectivealtruism.org/users/aron_vallinder, Aron_Vallinder
https://forum.effectivealtruism.org/posts/agYg9fe9GEpS296eA/quality-of-life-of-farm-animals, Quality of life of farm animals
https://forum.effectivealtruism.org/posts/TTi8a2w6oYr34ZLcz/new-web-app-for-calibration-training-funded-by-the-open, New web app for calibration training funded by the Open Philanthropy Project
https://forum.effectivealtruism.org/posts/63ajYkEWR9TbWfxC2/college-and-earning-to-give, College and Earning to Give
https://forum.effectivealtruism.org/posts/z2xBmukQwoF2GJHKm/link-would-human-extinction-be-a-tragedy," [Link] ""Would Human Extinction Be a Tragedy?"""
https://forum.effectivealtruism.org/posts/8Yx7JmoDjyoqwgkjS/speciesism-arbitrariness-and-moral-illusions, Speciesism
https://forum.effectivealtruism.org/posts/BznrRBgiDdcTwWWsB/2018-ai-alignment-literature-review-and-charity-comparison, 2018 AI Alignment Literature Review and Charity Comparison
https://forum.effectivealtruism.org/users/larks, Larks
https://forum.effectivealtruism.org/posts/GqcWyLqQXXPGCai9R/women-s-empowerment-founders-pledge-report-and, Women's Empowerment: Founders Pledge report and recommendations
https://forum.effectivealtruism.org/users/sjirh, SjirH
https://forum.effectivealtruism.org/posts/kpo3mYJwizgbeRX4s/be-careful-about-a-stubborn-attachment-to-growth, Be Careful About a Stubborn Attachment to Growth
https://forum.effectivealtruism.org/posts/uW6y9AEdTygrc9SeP/response-to-a-dylan-matthews-article-on-vox-about, Response to a Dylan Matthews article on Vox about bipartisanship
https://forum.effectivealtruism.org/posts/WgXzfsYQn2F2qTzZj/what-movements-does-ea-have-the-strongest-synergies-with, What movements does EA have the strongest synergies with?Q
https://forum.effectivealtruism.org/posts/yQWYLaCgG3L6H2Lya/challenges-in-scaling-ea-organizations, Challenges in Scaling EA Organizations
https://forum.effectivealtruism.org/posts/J7cp8SACJnquqw9ku/a-typology-of-s-risks, A typology of s-risks
https://forum.effectivealtruism.org/posts/cx9LpBqpeJe3ekNnC/animal-welfare-economic-research-questions, Animal-Welfare Economic Research Questions
https://forum.effectivealtruism.org/posts/YhpGMt3S7ivDvxi8Q/the-case-for-taking-ai-seriously-as-a-threat-to-humanity, The case for taking AI seriously as a threat to humanity
https://forum.effectivealtruism.org/posts/GHHCEyeWnDxdP2ZNi/detecting-morally-significant-pain-in-nonhumans-some, Detecting Morally Significant Pain in Nonhumans: Some Philosophical Difficulties
https://forum.effectivealtruism.org/users/jason-schukraft, Jason Schukraft
https://forum.effectivealtruism.org/posts/yg5dSNr2gjEymyTjF/if-you-re-young-don-t-give-to-charity, If You’re Young
https://forum.effectivealtruism.org/posts/XDLEkuBjFi8RdQEng/higher-and-more-equal-a-case-for-optimism, Higher and more equal: a case for optimism
https://forum.effectivealtruism.org/posts/KwW5N95Jkdbsu2kP7/beyond-astronomical-waste, Beyond Astronomical Waste
https://forum.effectivealtruism.org/users/wei_dai, Wei_Dai
https://forum.effectivealtruism.org/posts/nCJCuLaWHt3oooM3y/the-importance-of-time-capping, The Importance of Time Capping
https://forum.effectivealtruism.org/posts/NsHSu2wLWpgiALbwm/why-i-expect-successful-narrow-alignment, Why I expect successful (narrow) alignment
https://forum.effectivealtruism.org/posts/g63jms3DBCDGP8KgJ/what-s-the-use-in-physics, What’s the Use In Physics?
https://forum.effectivealtruism.org/users/tetraspace-grouping, Tetraspace Grouping
https://forum.effectivealtruism.org/posts/XWSTBBH8gSjiaNiy7/cause-profile-mental-health, Cause profile: mental health
https://forum.effectivealtruism.org/posts/4wm9dTmAbbyjttHdF/link-how-to-set-up-your-planned-giving-now, [Link] How to set up your planned giving now
https://forum.effectivealtruism.org/users/aaronhamlin, aaronhamlin
https://forum.effectivealtruism.org/posts/PoYi6fynNfHScf7qB/ea-forum-2-0-initial-announcement, EA Forum 2.0 Initial Announcement
https://forum.effectivealtruism.org/posts/Y2iqhjAHbXNkwcS8F/how-to-use-the-forum, How to use the Forum
https://forum.effectivealtruism.org/posts/Y8mBXCKmkS9eBokhG/ea-syllabi-and-teaching-materials, EA syllabi and teaching materials
https://forum.effectivealtruism.org/posts/ATq9mWhHvAXM6Bwfe/self-care-sessions-for-ea-groups, Self-care sessions for EA groups
https://forum.effectivealtruism.org/posts/KMzTupG6ZJQ5YFc3M/making-organisations-more-welcoming, Making Organisations More Welcoming
https://forum.effectivealtruism.org/posts/GkhPLfrBTdgcgRPiE/effective-altruism-communal-space, Effective Altruism Communal Space
https://forum.effectivealtruism.org/users/laurenmcg, LaurenMcG
https://forum.effectivealtruism.org/posts/azp95f9kctPubF5gz/forum-moving-to-open-beta-this-week, Forum moving to open beta this week
https://forum.effectivealtruism.org/posts/dMJ475rYzEaSvGDgP/what-s-changing-with-the-new-forum, What's Changing With the New Forum?
https://forum.effectivealtruism.org/posts/wrPacgwp3DsSJYbce/why-the-ea-forum-1, Why the EA Forum?
https://forum.effectivealtruism.org/posts/h26Kx7uGfQfNewi7d/welcome-to-the-new-forum, Welcome to the New Forum!
https://forum.effectivealtruism.org/posts/xRyXfJrwXkJ8mwc96/doing-brainstorming-better, Doing brainstorming better
https://forum.effectivealtruism.org/posts/ARJA9oQqgccwPnfov/current-ai-safety-roles-for-software-engineers, Current AI Safety Roles for Software Engineers
https://forum.effectivealtruism.org/posts/5rjZPTt7w3Z7AY5cT/community-builders-watch-eag-videos-with-your-members, Community Builders
https://forum.effectivealtruism.org/posts/SYeJnv9vYzq9oQMbQ/2017-donor-lottery-report, 2017 Donor Lottery Report
https://forum.effectivealtruism.org/users/adamgleave, AdamGleave
https://forum.effectivealtruism.org/posts/Z9rLfMjTZ2X376izm/rationality-as-an-ea-cause-area, Rationality as an EA Cause Area
https://forum.effectivealtruism.org/posts/tgo28TdzTsYhPoieS/the-role-of-art-in-ea, the role of ART in EA?
https://forum.effectivealtruism.org/users/ms-farkas-enc1101, ms.farkas.enc1101
https://forum.effectivealtruism.org/posts/EnPL9DPwCeKTfzYps/updates-from-the-global-priorities-institute-and-how-to-get, Updates from the Global Priorities Institute and how to get involved
https://forum.effectivealtruism.org/users/global-priorities-institute, Global Priorities Institute
https://forum.effectivealtruism.org/posts/eKxqeP9feReBvCva4/effective-altruism-making-waves, Effective Altruism Making Waves
https://forum.effectivealtruism.org/posts/5TAwep4tohN7SGp3P/the-frontpage-community-distinction, The Frontpage/Community distinction
https://forum.effectivealtruism.org/posts/7aqGFHirEvHTMD5w5/william-macaskill-misrepresents-much-of-the-evidence," William MacAskill misrepresents much of the evidence underlying his key arguments in ""Doing Good Better"""
https://forum.effectivealtruism.org/users/guzey, guzey
https://forum.effectivealtruism.org/posts/uPFx462NAamBo5Eqq/ea-survey-series-2018-how-do-people-get-involved-in-ea-1, EA Survey Series 2018 : How do people get involved in EA?
https://forum.effectivealtruism.org/posts/FRh3kFuRjZQXZmnNe/amazon-smile, Amazon Smile
https://forum.effectivealtruism.org/users/alexrjl, alexrjl
https://forum.effectivealtruism.org/posts/KvLyxHcwCforffpkC/introduction-to-effective-altruism-reading-list, Introduction to Effective Altruism Reading List
https://forum.effectivealtruism.org/users/smithee, smithee
https://forum.effectivealtruism.org/posts/pHwzuut5iqQJGME9K/suffering-relief-vs-life-extension, Suffering relief vs life extension
https://forum.effectivealtruism.org/posts/d3cupMrngEArCygNk/takeaways-from-eaf-s-hiring-round-1, Takeaways from EAF's Hiring Round
https://forum.effectivealtruism.org/users/storges, stefan.torges
https://forum.effectivealtruism.org/posts/ej2v2wkExivqNghJ4/towards-better-ea-career-advice, Towards Better EA Career Advice
https://forum.effectivealtruism.org/users/lexande, lexande
https://forum.effectivealtruism.org/posts/jo5JzaijbBqEu94kX/ea-funds-long-term-future-fund-is-open-to-applications-until, EA Funds: Long-Term Future fund is open to applications until November 24th (this Saturday)
https://forum.effectivealtruism.org/users/habryka, Habryka
https://forum.effectivealtruism.org/posts/zJcphxSz2isHzqL3C/alliance-to-feed-the-earth-in-disasters-allfed-progress, Alliance to Feed the Earth in Disasters (ALLFED) Progress Report & Giving Tuesday Appeal
https://forum.effectivealtruism.org/posts/25aNPveAyr4Ba8Ji2/ea-for-different-abilities, EA for different abilities...
https://forum.effectivealtruism.org/users/tarak_, tarak_
https://forum.effectivealtruism.org/posts/dBJwqJx3rBTdFzkqi/ea-gifts-for-kids, EA gifts for kids?
https://forum.effectivealtruism.org/posts/hSs2KzEtrZXzYNFZB/ea-giving-tuesday-donation-matching-initiative-2018, EA Giving Tuesday Donation Matching Initiative 2018
https://forum.effectivealtruism.org/posts/NrLCM4vcf8PRqkLaH/guide-to-successful-community-1-1s, Guide to Successful Community 1-1s
https://forum.effectivealtruism.org/users/huwthomas, huwthomas
https://forum.effectivealtruism.org/posts/vhKfHHnCYbgSNL3Ci/should-you-have-your-own-blog, Should you have your own blog?
https://forum.effectivealtruism.org/users/jross, Jross
https://forum.effectivealtruism.org/posts/YhPWq784eRDr5999P/announcing-the-ea-donation-swap-system, Announcing the EA donation swap system
https://forum.effectivealtruism.org/users/cafelow, cafelow
https://forum.effectivealtruism.org/posts/RnmZ62kuuC8XzeTBq/why-we-have-over-rated-cool-earth, Why we have over-rated Cool Earth
https://forum.effectivealtruism.org/posts/K2u4rvy38YmSnhQ5X/ea-survey-series-2018-subscribers-and-identifiers, EA Survey Series 2018: Subscribers and Identifiers
https://forum.effectivealtruism.org/posts/RZrikMAuTwt4e9Fs4/ea-community-building-grants-update, EA Community Building Grants Update
https://forum.effectivealtruism.org/users/katieglass, KatieGlass
https://forum.effectivealtruism.org/posts/3ijnLaws7mCEogD6H/earning-to-save-give-1-save-10, Earning to Save (Give 1%
https://forum.effectivealtruism.org/posts/z4EMFvmjQNMPr7XJj/miri-s-2018-fundraiser, MIRI’s 2018 Fundraiser
https://forum.effectivealtruism.org/users/malo, malo
https://forum.effectivealtruism.org/posts/EoYWz9SYm3LsqX9bh/sentience-institute-2018-end-of-year-summary, Sentience Institute 2018 End of Year Summary
https://forum.effectivealtruism.org/users/kellywitwicki, kellywitwicki
https://forum.effectivealtruism.org/posts/jv2og63wwa7rkakf5/cea-is-fundraising-for-2019, CEA is Fundraising for 2019
https://forum.effectivealtruism.org/users/larissaheskethrowe, LarissaHeskethRowe
https://forum.effectivealtruism.org/posts/Nns9DhL9bpzswitNu/launching-the-eaf-fund, Launching the EAF Fund
https://forum.effectivealtruism.org/posts/624k2Acbo5Tn9Swrt/introducing-ea-resources-by-lean, Introducing EA Resources by LEAN
https://forum.effectivealtruism.org/users/martin_k, Martin_K
https://forum.effectivealtruism.org/posts/cRNrGDDAErbiZwrHE/should-effective-charities-prepare-for-a-recession, Should Effective Charities Prepare for a Recession?
https://forum.effectivealtruism.org/posts/XYcscCGcFK2Hq6tri/donation-opportunity-with-the-modern-agriculture-foundation, Donation opportunity with The Modern Agriculture Foundation to reduce animal use for food
https://forum.effectivealtruism.org/users/jasonk, jasonk
https://forum.effectivealtruism.org/posts/b9SxfAoxSzxudWzbx/effective-altruism-philippines, Effective Altruism Philippines
https://forum.effectivealtruism.org/users/jeffrey, Jeffrey
https://forum.effectivealtruism.org/posts/oA3tuHCaDqqwLZxim/latest-research-and-updates-for-november, Latest Research and Updates for November
https://forum.effectivealtruism.org/posts/WcWR6YkaHZ4CqYLdp/centre-for-the-study-of-existential-risk-six-month-report, Centre for the Study of Existential Risk: Six Month Report May-October 2018
https://forum.effectivealtruism.org/posts/sTvepoxCDMgskGDDN/long-term-future-fund-november-grant-decisions, Long Term Future Fund: November grant decisions
https://forum.effectivealtruism.org/posts/3dKWKvzmNet3s6kKH/interview-about-chai, Interview about CHAI
https://forum.effectivealtruism.org/users/rosiecampbell, rosiecampbell
https://forum.effectivealtruism.org/posts/dgmrCo8EE5jNgk3Em/ea-meta-fund-grants-report-nov-18, EA Meta Fund Grants Report: Nov 18
https://forum.effectivealtruism.org/users/agdfoster, agdfoster
https://forum.effectivealtruism.org/posts/KL7u4TZo7SkttFZZA/allocating-donations-to-years, allocating donations to years
https://forum.effectivealtruism.org/users/davidc, davidc
https://forum.effectivealtruism.org/posts/vxwcxwiDKCnyHJhbz/announcing-the-new-forethought-foundation-for-global, Announcing the new Forethought Foundation for Global Priorities Research
https://forum.effectivealtruism.org/users/william_macaskill, William_MacAskill
https://forum.effectivealtruism.org/posts/DkQyGkPBb9yePuPjQ/effective-altruism-foundation-plans-for-2019, Effective Altruism Foundation: Plans for 2019
https://forum.effectivealtruism.org/users/jonas-vollmer, Jonas Vollmer
https://forum.effectivealtruism.org/posts/NejXPksuEcYCny9bs/software-engs-for-high-leverage-solutions, Software Engs. for High-Leverage Solutions
https://forum.effectivealtruism.org/users/captainplanet, captainplanet
https://forum.effectivealtruism.org/posts/nuzcbhk2JYMkALHke/donor-lottery-2018-is-live, Donor Lottery 2018 is live
https://forum.effectivealtruism.org/users/jpaddison, JP Addison
https://forum.effectivealtruism.org/posts/dbeTYSJKjk3NufGrZ/ea-funds-and-donor-lottery-this-december-quick-update, EA Funds and Donor Lottery this December: Quick Update
https://forum.effectivealtruism.org/posts/vfG87R86JjL4C5pSj/notes-on-the-art-of-gathering, Notes on “The Art of Gathering”
https://forum.effectivealtruism.org/posts/jrN4CHJooBm3KCfBK/open-thread-43, Open Thread #43
https://forum.effectivealtruism.org/posts/LAT5fAKby72GGi64M/why-i-m-focusing-on-invertebrate-sentience, Why I'm focusing on invertebrate sentience
https://forum.effectivealtruism.org/users/maxcarpendale, MaxCarpendale
https://forum.effectivealtruism.org/posts/SnE9FpArs2uXJsRtB/ea-survey-2018-series-donation-data, EA Survey 2018 Series: Donation Data
https://forum.effectivealtruism.org/posts/fvvRZMJJ7g4gzXjSH/seeking-information-on-three-potential-grantee-organizations, Seeking information on three potential grantee organizations
https://forum.effectivealtruism.org/users/critch, critch
https://forum.effectivealtruism.org/posts/PuG9Go3zzbKeY2d65/requesting-community-input-on-the-upcoming-ea-projects, Requesting community input on the upcoming EA Projects Platform
https://forum.effectivealtruism.org/posts/asMN3fc6ywiJ4paae/blog-cross-post-charity-hacks, [blog cross-post] Charity hacks
https://forum.effectivealtruism.org/posts/k4SLFn74Nsbn4sbMA/ea-forum-prize-winners-for-november-2018, EA Forum Prize: Winners for November 2018
https://forum.effectivealtruism.org/posts/jSjBHmgu3ZGcrW4t2/why-you-should-invest-in-upgrading-democracy-and-give-to-the, Why You Should Invest In Upgrading Democracy And Give To The Center For Election Science
https://forum.effectivealtruism.org/posts/5jRDN56aZAnpn57qm/new-edition-of-rationality-from-ai-to-zombies," New edition of ""Rationality: From AI to Zombies"""
https://forum.effectivealtruism.org/posts/fAGeHgX8jLiX9EbNH/why-christians-should-have-no-opposition-to-super, Why Christians should have no opposition to Super-intelligence.
https://forum.effectivealtruism.org/users/taylorjns, TaylorJns
https://forum.effectivealtruism.org/posts/k4hDPn7Nv3yoXAE9R/best-source-i-know-for-science-and-tech-news, Best source i know for science and tech news
https://forum.effectivealtruism.org/users/yoav_ravid, Yoav_Ravid
https://forum.effectivealtruism.org/posts/C6ijcGZwWfMGGEjEE/so-you-want-to-do-operations-part-two-how-to-acquire-and, So you want to do operations [Part two] - how to acquire and test for relevant skills
https://forum.effectivealtruism.org/posts/YrxvHrQouyYu9dnAe/book-review-the-end-of-animal-farming-jacy-reese-2018, Book Review: The End of Animal Farming (Jacy Reese
https://forum.effectivealtruism.org/users/jamie_harris, Jamie_Harris
https://forum.effectivealtruism.org/posts/bKagrzzpPshqMcQkx/event-review-ea-global-london-2018, Event Review: EA Global: London (2018)
https://forum.effectivealtruism.org/posts/6cgRR6fMyrC4cG3m2/rethink-priorities-plans-for-2019, Rethink Priorities Plans for 2019
https://forum.effectivealtruism.org/posts/YLmf8bRuaEj2SvE8B/discussion-what-are-good-legal-entity-structures-for-new-ea, Discussion: What are good legal entity structures for new EA groups?
https://forum.effectivealtruism.org/posts/J3T6mPN9JmY7htF5f/global-catastrophic-risk-institute-2018-2019-updates, Global Catastrophic Risk Institute 2018-2019 Updates
https://forum.effectivealtruism.org/users/sethbaum, SethBaum
https://forum.effectivealtruism.org/posts/2CvraxEYBc8qBPhK2/announcing-ea-funds-management-amas-20th-december, Announcing EA Funds management AMAs: 20th December
https://forum.effectivealtruism.org/posts/cCoCu2YNPwQwhtTuo/long-term-future-fund-ama, Long-Term Future Fund AMA
https://forum.effectivealtruism.org/users/helentoner, HelenToner
https://forum.effectivealtruism.org/posts/Rn6wgWHmcnw8HTR32/animal-welfare-fund-ama, Animal Welfare Fund AMA
https://forum.effectivealtruism.org/users/jamie_spurgeon, Jamie_Spurgeon
https://forum.effectivealtruism.org/posts/AGmCwE6GxYsFuSC6A/ea-meta-fund-ama-20th-dec-2018, EA Meta Fund AMA: 20th Dec 2018
https://forum.effectivealtruism.org/posts/SLGdj5HGMBQqaDs7R/a-new-lower-risk-way-to-teach-effective-giving, A new
https://forum.effectivealtruism.org/posts/pAkT8bDoRzgJzcqs6/how-effective-altruists-can-be-welcoming-to-conservatives, How Effective Altruists Can Be Welcoming To Conservatives
https://forum.effectivealtruism.org/posts/cZ6CA5wR72Z65Fd2d/survey-of-2018-ea-survey, Survey of 2018 EA Survey
https://forum.effectivealtruism.org/posts/K3y8zNzMmkg8t5dbm/what-s-going-on-with-the-new-question-feature, What's going on with the new Question feature?Q
https://forum.effectivealtruism.org/posts/7etEYiorToG9KXGEw/forum-update-new-features-seeking-new-moderators, Forum Update: New Features
https://forum.effectivealtruism.org/posts/kMcr72cQ78q8G2jNv/link-center-for-the-governance-of-ai-govai-annual-report, [Link] Center for the Governance of AI (GovAI) Annual Report 2018
https://forum.effectivealtruism.org/posts/BWdMWXvq3bas4wxBD/should-donor-lottery-winners-write-reports, Should donor lottery winners write reports?
https://forum.effectivealtruism.org/posts/dznyZNkAQMNq6HtXf/my-2018-donations, My 2018 donations
https://forum.effectivealtruism.org/users/vipulnaik, vipulnaik
https://forum.effectivealtruism.org/posts/qmrrnZpTsb4GbzBA8/should-eas-participate-in-the-double-up-drive, Should EAs participate in the Double Up Drive?Q
https://forum.effectivealtruism.org/users/andy_schultz, Andy_Schultz
https://forum.effectivealtruism.org/posts/MeTrGqRXJQzoLoDia/ea-hotel-fundraiser-1-the-story, EA Hotel Fundraiser 1: The story
https://forum.effectivealtruism.org/users/toonalfrink, toonalfrink
https://forum.effectivealtruism.org/posts/xp76Q3QpfD62mwvxo/link-how-to-be-a-great-board-member-and-avoid-being-a-not-so, [Link] How To Be A Great Board Member—And Avoid Being A Not So Great One
https://forum.effectivealtruism.org/posts/eGWKTiz3M3dawMF9N/who-sets-the-read-time-estimates, Who sets the read time estimates?Q
https://forum.effectivealtruism.org/posts/wYCfsJtycGNGMh5o4/rc-forward-canada-s-effective-giving-experiment-results-and, RC Forward - Canada's Effective Giving Experiment: Results & Plans for 2019
https://forum.effectivealtruism.org/posts/inChmthmzN6ZZ4qKr/submit-questions-about-giving-what-we-can-for-q-and-a, Submit questions about Giving What We Can for Q&A session December 30
https://forum.effectivealtruism.org/posts/hNJsTFLWLFbHh8uke/ea-concepts-inside-view-outside-view, EA Concepts: Inside View
https://forum.effectivealtruism.org/posts/M29ceDwdsH7GKdiFk/blog-cross-post-so-called-communal-narcissists, [blog cross-post] So-called communal narcissists
https://forum.effectivealtruism.org/posts/gqNrJP8XpSe2a4X39/blog-cross-post-more-on-narcissism, [blog cross-post] More on narcissism
https://forum.effectivealtruism.org/posts/DdTpmtn7gYA5T846K/blog-cross-post-potential-lost-substance-gained, [blog cross-post] potential lost; substance gained
https://forum.effectivealtruism.org/posts/yeSLxKMC4PpuREjhb/the-harm-of-preventing-extinction, The harm of preventing extinction
https://forum.effectivealtruism.org/users/qwertyolol, qwertyolol
https://forum.effectivealtruism.org/posts/oWgFm6GXGazod5E9w/blog-cross-post-on-privacy, [blog cross-post] On privacy
https://forum.effectivealtruism.org/posts/zvby6AhksvxmbaXDW/recommendation-on-charity-to-reduce-ocean-plastic-pollution, Recommendation on charity to reduce ocean plastic pollution
https://forum.effectivealtruism.org/users/kkmd, kkMD
https://forum.effectivealtruism.org/posts/SzeDXYuhsrGJE8kPo/recommendation-for-charity-working-on-ocean-plastic, Recommendation for charity working on ocean plastic pollutionQ
