date,title,author,num_comments
2019-04-23,Long-Term Future Fund: April 2019 grant recommendations,Habryka,240
2017-10-26,Why & How to Make Progress on Diversity & Inclusion in EA,Kelly_Witwicki,235
2019-11-15,"I'm Buck Shlegeris, I do research and outreach at MIRI, AMA",Buck,231
2016-10-24,Concerns with Intentional Insights,Jeff_Kaufman,186
2019-02-26,"After one year of applying for EA jobs: It is really, really hard to get hired by an EA organisation",EA applicant,182
2020-01-16,Growth and the case against randomista development,HaukeHillebrandt,168
2014-09-15,Open Thread,RyanCarey,163
2017-11-11,An Exploration of Sexual Violence Reduction for Effective Altruism Potential,Kathy_Forth,156
2014-10-22,Should Giving What We Can change its Pledge? ,Michelle_Hutchinson,144
2019-09-03,Are we living at the most influential time in history?,William_MacAskill,140
